Unnamed: 0,Code.1,Code.2,Year,County,State,Unrate,State FIPS Code,County FIPS Code,State_y,County_y,"Poverty Estimate, All Ages","Poverty Percent, All Ages",Median Household Income,Total law enforcement employees,Total officers,Total civilians,SUMLEV,TOT_POP,TOT_MALE,TOT_FEMALE,WA_MALE,WA_FEMALE,BA_MALE,BA_FEMALE,IA_MALE,IA_FEMALE,AA_MALE,AA_FEMALE,NA_MALE,NA_FEMALE,TOM_MALE,TOM_FEMALE,H_MALE,H_FEMALE,Violent crime,Murder and nonnegligent manslaughter,Rape,Robbery,Aggravated assault,Property crime,Burglary,Larceny-theft,Motor vehicle theft,Arson,id,25_collegedegree_higher
0,41,1,2010,Baker County,OR,10.3,41,1,OR,Baker,3148,20,37868,25,12,13,50,16116,8140,7976,7782,7629,43,18,88,99,35,46,4,5,188,179,263,264,1,0,1,0,0,19,6,11,2,0,2010-OR-Baker,20.5
1,41,3,2010,Benton County,OR,7.2,41,3,OR,Benton,15413,19.1,49156,75,62,13,50,85577,42852,42725,38177,38200,491,363,381,381,2292,2249,121,102,1390,1430,2839,2648,26,0,5,1,20,184,51,121,12,3,2010-OR-Benton,47.9
2,41,5,2010,Clackamas County,OR,10.1,41,5,OR,Clackamas,38834,10.4,57960,450,223,227,50,376799,185313,191486,169256,174495,1895,1522,2019,1955,6416,7688,522,470,5205,5356,15149,14123,225,4,35,107,79,6102,1097,4582,423,18,2010-OR-Clackamas,31.4
3,41,7,2010,Clatsop County,OR,10.1,41,7,OR,Clatsop,5413,14.8,44234,55,27,28,50,37097,18438,18659,17330,17547,123,96,232,207,195,296,49,42,509,471,1503,1361,6,0,2,0,4,182,60,110,12,3,2010-OR-Clatsop,21.6
4,41,9,2010,Columbia County,OR,13,41,9,OR,Columbia,6554,13.4,50707,41,35,6,50,49353,24717,24636,23224,23088,132,87,342,341,164,307,53,54,802,759,1046,954,,,,,,,,,,,2010-OR-Columbia,16.8
5,41,11,2010,Coos County,OR,12.8,41,11,OR,Coos,11862,19.1,36216,85,25,60,50,63010,31068,31942,28496,29199,168,108,838,882,255,414,69,59,1242,1280,1746,1654,77,3,7,3,64,488,160,290,38,6,2010-OR-Coos,18.3
6,41,13,2010,Crook County,OR,16.1,41,13,OR,Crook,3610,17.4,39867,28,15,13,50,20882,10357,10525,9926,10075,21,20,162,167,43,63,6,5,199,195,777,679,22,0,3,2,17,120,55,63,2,2,2010-OR-Crook,15.4
7,41,15,2010,Curry County,OR,12.7,41,15,OR,Curry,3550,16,36994,37,14,23,50,22378,11031,11347,10342,10595,48,22,217,227,45,118,11,10,368,375,634,583,22,0,0,0,22,251,72,161,18,1,2010-OR-Curry,18.5
8,41,17,2010,Deschutes County,OR,13.9,41,17,OR,Deschutes,23247,14.8,46631,210,82,128,50,157744,77958,79786,74234,75787,363,250,891,889,607,919,120,111,1743,1830,5851,5855,156,2,15,7,132,983,215,705,63,12,2010-OR-Deschutes,29.1
9,41,19,2010,Douglas County,OR,14.1,41,19,OR,Douglas,20814,19.5,36991,144,112,32,50,107637,53131,54506,49803,51047,194,145,1039,1008,460,625,61,70,1574,1611,2570,2529,42,2,13,8,19,823,242,507,74,19,2010-OR-Douglas,15.5
10,41,21,2010,Gilliam County,OR,9.1,41,21,OR,Gilliam,211,11.4,45827,6,5,1,50,1880,964,916,928,885,2,1,15,5,2,3,5,8,12,14,51,42,0,0,0,0,0,16,2,13,1,0,2010-OR-Gilliam,18.8
11,41,23,2010,Grant County,OR,13.8,41,23,OR,Grant,1211,16.5,36792,16,5,11,50,7465,3715,3750,3565,3589,10,5,52,40,11,13,2,6,75,97,100,110,0,0,0,0,0,32,4,24,4,1,2010-OR-Grant,17.2
12,41,25,2010,Harney County,OR,14.3,41,25,OR,Harney,1389,19.1,36441,17,11,6,50,7403,3765,3638,3519,3380,12,9,117,125,10,24,0,1,107,99,146,153,3,0,0,0,3,22,12,9,1,1,2010-OR-Harney,16.2
13,41,27,2010,Hood River County,OR,8.3,41,27,OR,Hood River,2888,13,49490,33,16,17,50,22447,11233,11214,10618,10567,74,53,116,103,157,171,26,24,242,296,3558,3080,,,,,,,,,,,2010-OR-Hood River,25.9
14,41,29,2010,Jackson County,OR,12.6,41,29,OR,Jackson,31629,15.7,40603,163,117,46,50,203357,99038,104319,92166,97395,970,535,1520,1435,991,1516,337,328,3054,3110,11391,10507,177,0,12,6,159,989,228,686,75,7,2010-OR-Jackson,24.4
15,41,31,2010,Jefferson County,OR,13.8,41,31,OR,Jefferson,4398,21.1,40888,46,14,32,50,21662,11237,10425,8727,8064,132,54,2005,1908,53,53,20,20,300,326,2154,2027,4,0,2,1,1,242,68,145,29,1,2010-OR-Jefferson,15.9
16,41,33,2010,Josephine County,OR,14.1,41,33,OR,Josephine,15356,18.8,36102,93,34,59,50,82880,40316,42564,37917,40029,214,159,626,610,281,445,77,78,1201,1243,2648,2646,,,,,,,,,,,2010-OR-Josephine,16.5
17,41,35,2010,Klamath County,OR,13,41,35,OR,Klamath,11384,17.4,37370,67,34,33,50,66323,33025,33298,29743,30009,266,202,1483,1470,297,347,56,44,1180,1226,3627,3340,,,,,,,,,,,2010-OR-Klamath,18.1
18,41,37,2010,Lake County,OR,13.6,41,37,OR,Lake,1520,20.4,36167,20,7,13,50,7875,4159,3716,3864,3476,34,5,101,68,26,41,3,5,131,121,269,277,1,0,0,0,1,31,10,21,0,0,2010-OR-Lake,16.4
19,41,39,2010,Lane County,OR,11.1,41,39,OR,Lane,65849,19.1,40545,374,70,304,50,351948,173142,178806,157626,162773,2129,1464,2419,2301,3796,4921,460,393,6712,6954,13487,12887,242,3,25,15,199,1039,474,461,104,13,2010-OR-Lane,27.7
20,41,41,2010,Lincoln County,OR,11.1,41,41,OR,Lincoln,7734,17,38302,87,27,60,50,45997,22366,23631,20320,21505,148,96,869,887,204,331,34,27,791,785,1956,1701,42,1,8,1,32,357,129,211,17,3,2010-OR-Lincoln,23.8
21,41,43,2010,Linn County,OR,12.9,41,43,OR,Linn,20901,18.1,43019,189,79,110,50,116887,57720,59167,54229,55562,395,278,842,886,488,690,93,80,1673,1671,4848,4344,40,2,11,7,20,1017,276,668,73,8,2010-OR-Linn,16.3
22,41,45,2010,Malheur County,OR,9.7,41,45,OR,Malheur,11068,39.5,32412,51,20,31,50,31349,16948,14401,15621,13454,334,96,350,242,298,269,27,28,318,312,5372,4564,,,,,,,,,,,2010-OR-Malheur,13.8
23,41,47,2010,Marion County,OR,11.2,41,47,OR,Marion,55030,17.9,44725,336,85,251,50,315948,157398,158550,141781,143658,2580,1589,4040,3692,2972,3572,1282,1229,4743,4810,40621,36381,,,,,,,,,,,2010-OR-Marion,20.9
24,41,49,2010,Morrow County,OR,9.4,41,49,OR,Morrow,1866,16.7,45652,27,27,0,50,11207,5769,5438,5437,5139,51,31,103,86,42,66,11,13,125,103,1883,1643,11,1,3,1,6,122,17,100,5,1,2010-OR-Morrow,11.5
25,41,51,2010,Multnomah County,OR,9.8,41,51,OR,Multnomah,130620,18,48018,750,95,655,50,737320,364584,372736,296872,301551,21762,21477,5873,5349,22798,26402,2177,2145,15102,15812,42359,38006,81,0,3,21,57,1015,120,835,60,2,2010-OR-Multnomah,37.5
26,41,53,2010,Polk County,OR,9.8,41,53,OR,Polk,11555,15.7,49504,64,47,17,50,75540,36756,38784,33440,35478,283,172,973,925,674,825,141,125,1245,1259,4791,4362,47,2,7,1,37,261,71,173,17,3,2010-OR-Polk,28.1
27,41,55,2010,Sherman County,OR,11.9,41,55,OR,Sherman,242,13.7,49295,7,6,1,50,1779,908,871,877,841,1,3,18,16,1,2,1,0,10,9,58,43,0,0,0,0,0,45,3,39,3,0,2010-OR-Sherman,15.4
28,41,57,2010,Tillamook County,OR,10.5,41,57,OR,Tillamook,3972,16,40797,60,56,4,50,25243,12741,12502,12100,11892,68,28,171,148,96,139,28,33,278,262,1234,1062,8,2,1,2,3,293,90,179,24,0,2010-OR-Tillamook,20
29,41,59,2010,Umatilla County,OR,10.4,41,59,OR,Umatilla,11172,15.5,43691,74,49,25,50,76093,39630,36463,36160,33382,554,187,1623,1580,371,406,62,70,860,838,9918,8373,62,1,6,4,51,411,119,249,43,2,2010-OR-Umatilla,14.6
30,41,61,2010,Union County,OR,10.4,41,61,OR,Union,4182,16.7,41192,11,9,2,50,25725,12676,13049,11934,12340,99,47,156,147,97,135,127,116,263,264,519,505,10,0,0,0,10,175,44,124,7,3,2010-OR-Union,20.3
31,41,63,2010,Wallowa County,OR,13,41,63,OR,Wallowa,1147,16.6,38522,13,7,6,50,7012,3434,3578,3330,3444,15,14,23,26,7,16,3,4,56,74,81,82,,,,,,,,,,,2010-OR-Wallowa,21.1
32,41,65,2010,Wasco County,OR,9.6,41,65,OR,Wasco,3887,15.7,41711,29,14,15,50,25282,12533,12749,11412,11657,68,51,614,589,85,121,78,86,276,245,2014,1782,3,1,0,1,1,171,51,107,13,1,2010-OR-Wasco,21.5
33,41,67,2010,Washington County,OR,9,41,67,OR,Washington,50895,9.7,60555,539,240,299,50,531652,261480,270172,219214,226110,5910,4793,3006,2906,22196,25081,1385,1337,9769,9945,43360,40337,267,2,73,33,159,2509,515,1824,170,29,2010-OR-Washington,38.9
34,41,69,2010,Wheeler County,OR,9.6,41,69,OR,Wheeler,283,19.8,31983,14,3,11,50,1449,724,725,692,680,0,0,12,9,3,5,0,3,17,28,48,19,,,,,,,,,,,2010-OR-Wheeler,18.2
35,41,71,2010,Yamhill County,OR,10.5,41,71,OR,Yamhill,13818,14.7,50288,96,45,51,50,99298,49857,49441,45799,45982,711,297,1096,887,732,850,144,55,1375,1370,8103,6524,25,0,3,1,21,569,137,398,34,10,2010-OR-Yamhill,23
36,41,1,2011,Baker County,OR,11,41,1,OR,Baker,3117,20,36877,31,11,20,50,16069,8089,7980,7730,7620,44,25,97,108,35,53,4,5,179,169,282,305,2,0,2,0,0,30,15,14,1,0,2011-OR-Baker,19.8
37,41,3,2011,Benton County,OR,6.5,41,3,OR,Benton,17703,21.8,46272,75,62,13,50,86281,43239,43042,38261,38346,511,373,397,386,2520,2376,118,104,1432,1457,2899,2708,20,3,3,0,14,200,56,132,12,2,2011-OR-Benton,47.4
38,41,5,2011,Clackamas County,OR,8.9,41,5,OR,Clackamas,41457,11,58496,426,218,208,50,379640,186599,193041,170134,175443,1934,1576,1993,2012,6580,8059,545,485,5413,5466,15523,14486,202,3,35,96,68,5492,891,4228,373,22,2011-OR-Clackamas,31.6
39,41,7,2011,Clatsop County,OR,9.5,41,7,OR,Clatsop,6804,18.6,43544,55,26,29,50,37241,18485,18756,17348,17591,136,123,234,215,202,297,56,50,509,480,1519,1379,7,0,0,0,7,134,26,98,10,2,2011-OR-Clatsop,22.1
40,41,9,2011,Columbia County,OR,11.4,41,9,OR,Columbia,6020,12.3,55646,41,35,6,50,49408,24738,24670,23211,23064,139,96,357,345,167,326,57,53,807,786,1091,1018,,,,,,,,,,,2011-OR-Columbia,16.8
41,41,11,2011,Coos County,OR,11.7,41,11,OR,Coos,12213,19.8,36567,85,24,61,50,62789,30908,31881,28292,29073,167,112,856,905,276,445,63,73,1254,1273,1797,1739,57,2,1,3,51,589,187,364,38,2,2011-OR-Coos,18.5
42,41,13,2011,Crook County,OR,14.4,41,13,OR,Crook,3840,18.6,37473,28,15,13,50,20640,10264,10376,9848,9909,30,24,142,164,45,77,6,5,193,197,787,705,22,0,2,2,18,125,47,77,1,3,2011-OR-Crook,15.7
43,41,15,2011,Curry County,OR,12.1,41,15,OR,Curry,3973,17.9,39958,36,13,23,50,22497,11050,11447,10340,10668,51,27,221,234,58,121,12,10,368,387,693,617,8,0,0,1,7,231,69,145,17,0,2011-OR-Curry,19.6
44,41,17,2011,Deschutes County,OR,12.4,41,17,OR,Deschutes,21999,13.8,47924,210,82,128,50,159683,78796,80887,75039,76765,372,278,873,903,604,971,117,116,1791,1854,5931,6062,240,1,14,6,219,982,203,734,45,8,2011-OR-Deschutes,29.8
45,41,19,2011,Douglas County,OR,12.8,41,19,OR,Douglas,19227,18.1,38196,144,112,32,50,107257,52931,54326,49561,50764,212,154,1032,1016,455,648,64,68,1607,1676,2561,2540,35,1,19,2,13,558,160,345,53,15,2011-OR-Douglas,15.7
46,41,21,2011,Gilliam County,OR,9.8,41,21,OR,Gilliam,226,11.8,49378,7,6,1,50,1950,1008,942,967,905,2,1,15,5,3,3,5,8,16,20,58,52,0,0,0,0,0,16,4,12,0,0,2011-OR-Gilliam,18.1
47,41,23,2011,Grant County,OR,13.9,41,23,OR,Grant,1253,17.2,37191,16,5,11,50,7409,3683,3726,3512,3557,12,4,57,45,12,15,2,6,88,99,114,117,0,0,0,0,0,40,3,36,1,0,2011-OR-Grant,17
48,41,25,2011,Harney County,OR,13.4,41,25,OR,Harney,1350,18.6,35141,17,11,6,50,7363,3744,3619,3484,3354,14,10,125,131,10,22,0,1,111,101,161,150,7,0,0,0,7,27,12,14,1,0,2011-OR-Harney,16.4
49,41,27,2011,Hood River County,OR,8,41,27,OR,Hood River,3253,14.7,48516,33,16,17,50,22439,11239,11200,10612,10545,75,57,129,112,154,166,27,25,242,295,3574,3136,10,1,3,2,4,153,28,115,10,1,2011-OR-Hood River,26.5
50,41,29,2011,Jackson County,OR,11.8,41,29,OR,Jackson,39829,19.7,40013,173,117,56,50,204798,99774,105024,92709,97874,1008,542,1562,1491,1040,1592,339,341,3116,3184,11861,10969,141,2,21,2,116,1127,281,797,49,5,2011-OR-Jackson,23.7
51,41,31,2011,Jefferson County,OR,12.9,41,31,OR,Jefferson,4319,20.7,40910,42,13,29,50,21752,11281,10471,8681,8028,139,62,2067,1947,66,76,23,20,305,338,2205,2032,8,0,1,2,5,184,61,108,15,2,2011-OR-Jefferson,16.5
52,41,33,2011,Josephine County,OR,12.8,41,33,OR,Josephine,17021,20.8,36269,98,35,63,50,82722,40341,42381,37870,39844,216,159,638,589,296,455,86,78,1235,1256,2718,2669,64,2,11,10,41,726,237,419,70,3,2011-OR-Josephine,16.8
53,41,35,2011,Klamath County,OR,12.1,41,35,OR,Klamath,15023,23,36765,61,25,36,50,66322,33007,33315,29668,29921,275,212,1492,1512,299,371,58,48,1215,1251,3765,3453,54,0,9,9,36,451,259,140,52,5,2011-OR-Klamath,19.4
54,41,37,2011,Lake County,OR,13.3,41,37,OR,Lake,1538,20.6,35517,20,7,13,50,7908,4182,3726,3878,3472,34,5,103,68,33,46,3,6,131,129,271,290,,,,,,,,,,,2011-OR-Lake,17.7
55,41,39,2011,Lane County,OR,9.8,41,39,OR,Lane,73046,21.1,40689,345,65,280,50,354119,174237,179882,158050,163210,2156,1453,2465,2367,4142,5292,479,388,6945,7172,13779,13226,241,2,20,17,202,1146,484,545,117,8,2011-OR-Lane,27.8
56,41,41,2011,Lincoln County,OR,10.5,41,41,OR,Lincoln,7383,16.3,40507,87,27,60,50,45877,22242,23635,20133,21422,167,102,883,906,216,345,34,45,809,815,1996,1777,52,0,10,0,42,344,133,200,11,3,2011-OR-Lincoln,24.4
57,41,43,2011,Linn County,OR,11.5,41,43,OR,Linn,22379,19.2,42836,177,75,102,50,118175,58408,59767,54788,56045,420,311,879,898,517,703,94,93,1710,1717,4965,4481,19,0,7,4,8,935,246,582,107,4,2011-OR-Linn,16.7
58,41,45,2011,Malheur County,OR,9.5,41,45,OR,Malheur,6794,24.5,36039,60,25,35,50,30964,16798,14166,15454,13239,343,97,335,232,294,264,28,28,344,306,5392,4560,2,0,0,0,2,203,63,129,11,,2011-OR-Malheur,14.2
59,41,47,2011,Marion County,OR,10.6,41,47,OR,Marion,63412,20.5,44275,336,85,251,50,318053,158555,159498,142519,144093,2661,1653,4107,3804,3119,3695,1324,1339,4825,4914,41352,37179,70,1,19,19,31,1893,486,1216,191,3,2011-OR-Marion,20.7
60,41,49,2011,Morrow County,OR,8.3,41,49,OR,Morrow,1790,16.1,46902,27,27,0,50,11226,5786,5440,5443,5134,55,38,113,88,34,54,11,16,130,110,1940,1655,15,0,6,1,8,226,39,170,17,3,2011-OR-Morrow,10.7
61,41,51,2011,Multnomah County,OR,8.5,41,51,OR,Multnomah,142279,19.4,46989,733,105,628,50,749926,370654,379272,300983,305942,22024,21704,5841,5304,23949,27753,2318,2260,15539,16309,42993,38841,45,0,6,4,35,841,111,657,73,3,2011-OR-Multnomah,38.3
62,41,53,2011,Polk County,OR,9.4,41,53,OR,Polk,10452,14.1,52277,60,45,15,50,75942,36804,39138,33503,35747,295,196,945,942,682,848,132,110,1247,1295,4832,4507,30,1,2,0,27,378,106,249,23,3,2011-OR-Polk,28.2
63,41,55,2011,Sherman County,OR,11.2,41,55,OR,Sherman,257,15,52263,7,6,1,50,1750,884,866,852,832,1,3,17,19,1,3,1,0,12,9,54,47,0,0,0,0,0,34,6,24,4,1,2011-OR-Sherman,15.9
64,41,57,2011,Tillamook County,OR,10,41,57,OR,Tillamook,4032,16.2,41246,60,56,4,50,25393,12783,12610,12110,11981,73,30,190,159,94,134,33,35,283,271,1265,1132,15,0,1,2,12,289,114,161,14,2,2011-OR-Tillamook,19.3
65,41,59,2011,Umatilla County,OR,9.6,41,59,OR,Umatilla,12846,17.7,43231,74,49,25,50,76810,40037,36773,36517,33651,547,184,1631,1587,377,427,66,75,899,849,10146,8642,59,2,8,5,44,564,184,293,87,3,2011-OR-Umatilla,15.6
66,41,61,2011,Union County,OR,10.1,41,61,OR,Union,3954,15.8,41510,30,17,13,50,25906,12762,13144,11949,12386,103,43,163,157,110,149,155,131,282,278,541,536,15,0,0,1,14,310,64,227,19,0,2011-OR-Union,21.7
67,41,63,2011,Wallowa County,OR,12.3,41,63,OR,Wallowa,1099,16,38486,13,7,6,50,6979,3425,3554,3319,3416,15,14,26,30,6,16,3,4,56,74,91,80,1,0,0,0,1,37,13,21,3,0,2011-OR-Wallowa,21.3
68,41,65,2011,Wasco County,OR,8.9,41,65,OR,Wasco,4201,17.1,41144,29,16,13,50,25217,12485,12732,11367,11627,72,65,587,563,91,135,81,87,287,255,2140,1846,5,1,0,0,4,112,40,67,5,,2011-OR-Wasco,21.2
69,41,67,2011,Washington County,OR,7.8,41,67,OR,Washington,67522,12.6,62463,539,240,299,50,541041,265927,275114,221756,229032,6099,5018,3061,3069,23512,26364,1414,1352,10085,10279,44032,41657,266,1,66,44,155,2663,566,1909,188,22,2011-OR-Washington,39.5
70,41,69,2011,Wheeler County,OR,8.6,41,69,OR,Wheeler,281,20.1,32491,3,3,0,50,1418,705,713,670,668,0,2,14,8,3,5,0,3,18,27,43,19,,,,,,,,,,,2011-OR-Wheeler,13
71,41,71,2011,Yamhill County,OR,9.3,41,71,OR,Yamhill,13352,14.1,52103,96,45,51,50,99708,50133,49575,45990,46037,706,304,1106,887,766,877,149,61,1416,1409,8242,6688,31,2,8,4,17,582,168,385,29,5,2011-OR-Yamhill,22.5
72,41,1,2012,Baker County,OR,10.5,41,1,OR,Baker,3011,19.3,37025,24,11,13,50,16001,8091,7910,7711,7527,49,25,99,111,36,60,4,5,192,182,287,291,0,0,0,0,0,15,9,6,0,0,2012-OR-Baker,20.5
73,41,3,2012,Benton County,OR,6,41,3,OR,Benton,16062,19.7,51890,78,64,14,50,86708,43525,43183,38318,38375,542,369,387,385,2676,2465,117,102,1485,1487,2932,2839,21,0,6,0,15,157,42,99,16,1,2012-OR-Benton,48.6
74,41,5,2012,Clackamas County,OR,8,41,5,OR,Clackamas,35640,9.3,64231,431,219,212,50,383159,188482,194677,171492,176412,2038,1692,2030,2067,6731,8307,548,489,5643,5710,15812,14764,218,8,55,85,70,5610,1000,4108,502,12,2012-OR-Clackamas,31.8
75,41,7,2012,Clatsop County,OR,8.7,41,7,OR,Clatsop,6261,17.1,43202,61,31,30,50,37435,18602,18833,17424,17637,135,121,247,225,217,308,55,59,524,483,1536,1428,3,0,0,0,3,155,37,107,11,2,2012-OR-Clatsop,22.1
76,41,9,2012,Columbia County,OR,10.7,41,9,OR,Columbia,7704,15.8,53250,14,11,3,50,49220,24644,24576,23123,22943,133,102,355,359,163,318,59,52,811,802,1115,1056,20,0,3,2,15,187,75,85,27,1,2012-OR-Columbia,17.4
77,41,11,2012,Coos County,OR,11.1,41,11,OR,Coos,12700,20.6,36057,86,28,58,50,62697,30919,31778,28310,28910,186,120,833,928,272,452,63,81,1255,1287,1820,1782,28,0,1,1,26,473,123,321,29,0,2012-OR-Coos,17.8
78,41,13,2012,Crook County,OR,13.5,41,13,OR,Crook,3889,18.9,41232,29,17,12,50,20610,10206,10404,9791,9945,28,25,136,150,46,81,7,7,198,196,793,719,24,0,1,1,22,127,49,76,2,1,2012-OR-Crook,14.4
79,41,15,2012,Curry County,OR,11.8,41,15,OR,Curry,3954,17.9,34854,34,12,22,50,22272,10954,11318,10227,10543,60,30,236,242,59,121,9,13,363,369,705,635,14,0,1,3,10,272,71,179,22,5,2012-OR-Curry,20.4
80,41,17,2012,Deschutes County,OR,11.2,41,17,OR,Deschutes,25453,15.8,48591,210,82,128,50,161408,79516,81892,75612,77674,389,292,921,909,615,986,120,113,1859,1918,5968,6122,118,0,9,5,104,897,252,601,44,13,2012-OR-Deschutes,30.5
81,41,19,2012,Douglas County,OR,11.9,41,19,OR,Douglas,22537,21.3,39399,144,112,32,50,106955,52804,54151,49399,50504,237,157,1037,1046,457,664,71,67,1603,1713,2678,2628,51,0,14,7,30,1360,389,893,78,11,2012-OR-Douglas,15.2
82,41,21,2012,Gilliam County,OR,10.1,41,21,OR,Gilliam,224,11.6,49735,7,6,1,50,1949,998,951,950,914,4,1,18,7,4,3,6,8,16,18,58,57,1,0,0,0,1,15,5,8,2,1,2012-OR-Gilliam,16.1
83,41,23,2012,Grant County,OR,14,41,23,OR,Grant,1357,18.8,37177,16,5,11,50,7325,3656,3669,3480,3493,13,8,63,48,12,16,2,7,86,97,122,126,0,0,0,0,0,37,5,30,2,2,2012-OR-Grant,17.5
84,41,25,2012,Harney County,OR,11.8,41,25,OR,Harney,1311,18.5,35848,21,5,16,50,7256,3688,3568,3429,3293,17,15,118,141,13,25,0,1,111,93,186,163,3,0,0,0,3,15,5,10,0,0,2012-OR-Harney,15.7
85,41,27,2012,Hood River County,OR,7.2,41,27,OR,Hood River,3116,14,53023,27,16,11,50,22545,11293,11252,10652,10584,83,64,134,117,152,172,27,25,245,290,3635,3216,27,0,2,3,22,182,37,129,16,1,2012-OR-Hood River,26.4
86,41,29,2012,Jackson County,OR,11.1,41,29,OR,Jackson,36832,18.1,44392,166,108,58,50,205939,100436,105503,93281,98283,996,546,1600,1522,1053,1614,339,341,3167,3197,12182,11189,167,2,14,9,142,1304,313,917,74,10,2012-OR-Jackson,24.4
87,41,31,2012,Jefferson County,OR,11.8,41,31,OR,Jefferson,4378,21,41426,40,13,27,50,21835,11335,10500,8636,7966,149,74,2146,2005,68,83,25,22,311,350,2234,2037,4,1,2,0,1,194,58,122,14,1,2012-OR-Jefferson,15.5
88,41,33,2012,Josephine County,OR,12.1,41,33,OR,Josephine,18147,22.2,35109,38,8,30,50,82789,40448,42341,37955,39780,222,159,636,595,284,444,87,82,1264,1281,2814,2705,71,0,1,6,64,825,322,411,92,4,2012-OR-Josephine,16.4
89,41,35,2012,Klamath County,OR,11.7,41,35,OR,Klamath,12933,19.9,38193,68,27,41,50,65936,32856,33080,29484,29665,274,229,1516,1514,302,382,62,54,1218,1236,3837,3507,71,2,12,11,46,386,133,183,70,7,2012-OR-Klamath,19.5
90,41,37,2012,Lake County,OR,12.9,41,37,OR,Lake,1455,19.8,38668,21,8,13,50,7789,4132,3657,3838,3413,34,7,100,67,33,46,3,6,124,118,280,301,,,,,,,,,,,2012-OR-Lake,19.8
91,41,39,2012,Lane County,OR,8.9,41,39,OR,Lane,76710,22.1,41123,282,53,229,50,355217,174791,180426,158170,163367,2185,1519,2514,2444,4327,5393,473,381,7122,7322,14077,13549,203,7,22,21,153,1105,436,558,111,12,2012-OR-Lane,27.5
92,41,41,2012,Lincoln County,OR,9.9,41,41,OR,Lincoln,8441,18.5,39738,87,27,60,50,46180,22450,23730,20234,21435,190,106,929,937,216,346,37,44,844,862,2020,1832,44,0,4,4,36,341,99,218,24,8,2012-OR-Lincoln,24
93,41,43,2012,Linn County,OR,10.7,41,43,OR,Linn,20653,17.6,43837,163,76,87,50,118293,58409,59884,54723,56091,424,310,880,934,517,698,99,97,1766,1754,4969,4556,35,0,10,9,16,1135,308,736,91,4,2012-OR-Linn,16.1
94,41,45,2012,Malheur County,OR,9.4,41,45,OR,Malheur,7089,25.8,33994,62,19,43,50,30755,16712,14043,15357,13121,343,95,342,239,286,251,29,29,355,308,5380,4569,1,0,0,0,1,185,57,118,10,0,2012-OR-Malheur,13.7
95,41,47,2012,Marion County,OR,10,41,47,OR,Marion,62869,20.2,45631,338,96,242,50,319865,159298,160567,143037,144872,2658,1636,4125,3822,3199,3813,1345,1444,4934,4980,41896,38062,70,2,17,18,33,2448,511,1636,301,9,2012-OR-Marion,20.8
96,41,49,2012,Morrow County,OR,8.1,41,49,OR,Morrow,1735,15.5,50246,27,27,0,50,11226,5765,5461,5438,5150,56,43,109,99,24,41,11,18,127,110,1982,1706,12,1,2,1,8,177,46,120,11,2,2012-OR-Morrow,11.1
97,41,51,2012,Multnomah County,OR,7.6,41,51,OR,Multnomah,136065,18.3,51580,736,102,634,50,760505,375977,384528,304721,309236,22197,22040,5878,5345,24748,28734,2448,2355,15985,16818,43550,39431,43,0,12,3,28,997,134,809,54,1,2012-OR-Multnomah,39.2
98,41,53,2012,Polk County,OR,8.9,41,53,OR,Polk,12063,16.2,49636,57,22,35,50,76227,36943,39284,33562,35778,348,222,933,976,677,848,146,126,1277,1334,4929,4616,39,0,1,0,38,300,91,190,19,0,2012-OR-Polk,28.5
99,41,55,2012,Sherman County,OR,10.8,41,55,OR,Sherman,255,14.8,52251,9,8,1,50,1748,878,870,839,831,2,3,21,23,1,3,1,0,14,10,60,56,2,0,1,0,1,42,6,34,2,0,2012-OR-Sherman,14.8
100,41,57,2012,Tillamook County,OR,9.7,41,57,OR,Tillamook,3808,15.4,43558,60,56,4,50,25276,12717,12559,12023,11902,86,35,210,171,90,135,29,33,279,283,1264,1138,6,0,0,1,5,263,88,163,12,4,2012-OR-Tillamook,20.3
101,41,59,2012,Umatilla County,OR,9.1,41,59,OR,Umatilla,12730,17.5,46725,74,49,25,50,77011,40166,36845,36534,33626,567,200,1664,1608,392,436,73,79,936,896,10288,8769,22,2,4,2,14,566,149,299,118,4,2012-OR-Umatilla,14.8
102,41,61,2012,Union County,OR,9.4,41,61,OR,Union,4770,19,41504,30,17,13,50,25801,12688,13113,11876,12351,95,45,163,160,111,150,159,132,284,275,552,526,17,0,8,0,9,234,65,151,18,2,2012-OR-Union,21.5
103,41,63,2012,Wallowa County,OR,11.5,41,63,OR,Wallowa,1113,16.6,40554,13,7,6,50,6800,3333,3467,3227,3329,13,14,26,28,6,16,3,5,58,75,84,75,0,0,0,0,0,29,9,20,0,1,2012-OR-Wallowa,22.3
104,41,65,2012,Wasco County,OR,8.4,41,65,OR,Wasco,4229,17,41324,29,16,13,50,25375,12568,12807,11428,11684,80,66,584,549,95,145,90,94,291,269,2158,1913,13,0,1,0,12,153,52,92,9,1,2012-OR-Wasco,20.6
105,41,67,2012,Washington County,OR,7.1,41,67,OR,Washington,65373,12.1,63566,539,237,302,50,548651,270067,278584,224168,230949,6205,5099,3131,3106,24666,27372,1447,1391,10450,10667,44852,42645,317,6,75,63,173,2669,556,1946,167,26,2012-OR-Washington,39.5
106,41,69,2012,Wheeler County,OR,6.9,41,69,OR,Wheeler,305,21.8,33973,12,3,9,50,1411,704,707,666,660,0,2,14,7,3,6,0,3,21,29,47,21,,,,,,,,,,,2012-OR-Wheeler,14.8
107,41,71,2012,Yamhill County,OR,8.5,41,71,OR,Yamhill,16130,16.9,49656,96,45,51,50,99933,50096,49837,45943,46188,687,310,1089,909,785,920,142,65,1450,1445,8258,6833,32,1,9,3,19,679,236,406,37,6,2012-OR-Yamhill,22.5
108,41,1,2013,Baker County,OR,9.5,41,1,OR,Baker,2273,14.5,42200,24,11,13,50,16027,8116,7911,7703,7518,65,30,106,107,38,63,4,6,200,187,293,303,2,0,0,0,2,89,39,42,8,0,2013-OR-Baker,20.9
109,41,3,2013,Benton County,OR,5.6,41,3,OR,Benton,16999,20.8,50714,78,64,14,50,86228,43326,42902,38040,38005,566,380,386,392,2760,2516,115,102,1459,1507,2965,2902,30,0,1,4,25,232,48,167,17,7,2013-OR-Benton,50
110,41,5,2013,Clackamas County,OR,7,41,5,OR,Clackamas,37313,9.7,66514,437,225,212,50,387571,190816,196755,173155,178004,2113,1758,2083,2060,6951,8400,575,485,5939,6048,16123,15123,166,2,36,64,64,5289,875,3967,447,7,2013-OR-Clackamas,31.8
111,41,7,2013,Clatsop County,OR,7.7,41,7,OR,Clatsop,6118,16.7,43048,52,25,27,50,37143,18349,18794,17170,17565,135,132,249,242,234,320,54,55,507,480,1501,1442,11,0,1,0,10,186,45,130,11,2,2013-OR-Clatsop,23.2
112,41,9,2013,Columbia County,OR,9.5,41,9,OR,Columbia,5766,11.8,55222,14,11,3,50,49271,24585,24686,23055,22999,151,120,347,360,160,326,59,61,813,820,1153,1107,5,0,1,0,4,64,36,23,5,0,2013-OR-Columbia,18.1
113,41,11,2013,Coos County,OR,10.1,41,11,OR,Coos,11973,19.6,37583,91,28,63,50,62409,30775,31634,28123,28689,206,141,855,934,270,463,65,94,1256,1313,1879,1831,22,3,1,0,18,528,161,339,28,2,2013-OR-Coos,18
114,41,13,2013,Crook County,OR,12,41,13,OR,Crook,3597,17.4,43343,29,17,12,50,20702,10250,10452,9817,9956,32,33,138,160,51,89,7,6,205,208,798,756,15,0,1,1,13,132,47,85,0,1,2013-OR-Crook,14.5
115,41,15,2013,Curry County,OR,10.5,41,15,OR,Curry,4148,18.7,37175,34,12,22,50,22252,10952,11300,10216,10515,62,35,246,244,60,124,10,11,358,371,743,686,18,0,1,0,17,248,89,139,20,6,2013-OR-Curry,20.7
116,41,17,2013,Deschutes County,OR,9.4,41,17,OR,Deschutes,25103,15.2,49427,210,82,128,50,165385,81400,83985,77315,79633,434,307,955,938,649,1007,129,117,1918,1983,6257,6281,93,2,14,4,73,824,192,592,40,4,2013-OR-Deschutes,31
117,41,19,2013,Douglas County,OR,10.4,41,19,OR,Douglas,20585,19.5,40243,144,112,32,50,106645,52608,54037,49241,50385,234,176,1043,1033,447,665,76,67,1567,1711,2709,2721,,,,,,,,,,,2013-OR-Douglas,16.1
118,41,21,2013,Gilliam County,OR,9.5,41,21,OR,Gilliam,229,11.9,50027,7,6,1,50,1940,990,950,932,908,4,2,18,7,6,6,5,8,25,19,63,58,0,0,0,0,0,17,1,16,0,3,2013-OR-Gilliam,14.7
119,41,23,2013,Grant County,OR,12.2,41,23,OR,Grant,1295,18,40569,17,5,12,50,7271,3637,3634,3450,3454,14,4,60,48,17,19,2,7,94,102,130,126,0,0,0,0,0,38,4,33,1,0,2013-OR-Grant,20.5
120,41,25,2013,Harney County,OR,11.4,41,25,OR,Harney,1268,18.1,37041,20,14,6,50,7167,3632,3535,3349,3245,23,23,131,146,13,23,0,1,116,97,180,150,3,0,0,0,3,29,4,22,3,0,2013-OR-Harney,15.6
121,41,27,2013,Hood River County,OR,6.2,41,27,OR,Hood River,3315,14.8,50891,27,16,11,50,22574,11346,11228,10690,10562,80,63,139,110,158,182,27,26,252,285,3651,3237,24,0,2,3,19,194,35,147,12,0,2013-OR-Hood River,30.5
122,41,29,2013,Jackson County,OR,9.6,41,29,OR,Jackson,38475,18.7,43393,166,108,58,50,207313,100992,106321,93708,98960,1011,575,1631,1533,1059,1635,342,352,3241,3266,12517,11659,137,3,15,10,109,1430,365,996,69,14,2013-OR-Jackson,24.8
123,41,31,2013,Jefferson County,OR,10.3,41,31,OR,Jefferson,4558,21.8,41107,34,15,19,50,21869,11317,10552,8601,7977,148,84,2157,2038,70,87,27,22,314,344,2251,2042,,,,,,,,,,,2013-OR-Jefferson,17.3
124,41,33,2013,Josephine County,OR,10.9,41,33,OR,Josephine,15955,19.4,37619,38,8,30,50,83175,40642,42533,38061,39899,223,165,656,611,303,445,79,83,1320,1330,2905,2765,,,,,,,,,,,2013-OR-Josephine,17
125,41,35,2013,Klamath County,OR,10.6,41,35,OR,Klamath,11811,18.2,37542,68,27,41,50,65719,32794,32925,29371,29446,288,229,1551,1525,287,393,62,51,1235,1281,4024,3619,59,6,14,8,31,803,243,473,87,18,2013-OR-Klamath,19.7
126,41,37,2013,Lake County,OR,11.2,41,37,OR,Lake,1543,20.9,37856,21,8,13,50,7800,4146,3654,3843,3395,33,8,101,74,33,47,4,6,132,124,281,304,,,,,,,,,,,2013-OR-Lake,18.6
127,41,39,2013,Lane County,OR,7.9,41,39,OR,Lane,73471,21.1,43778,269,58,211,50,355654,174931,180723,157999,163291,2206,1507,2570,2526,4407,5505,487,391,7262,7503,14372,13937,,,,,,,,,,,2013-OR-Lane,27.7
128,41,41,2013,Lincoln County,OR,8.7,41,41,OR,Lincoln,9206,20.1,39801,87,27,60,50,46351,22499,23852,20313,21512,197,120,902,933,225,353,39,43,823,891,2062,1834,29,0,5,2,22,428,134,266,28,2,2013-OR-Lincoln,24.4
129,41,43,2013,Linn County,OR,9.5,41,43,OR,Linn,22370,19,44941,165,50,115,50,118439,58475,59964,54751,56113,434,322,891,939,505,731,100,102,1794,1757,5070,4618,22,1,8,7,6,1059,332,635,92,8,2013-OR-Linn,16.9
130,41,45,2013,Malheur County,OR,8.4,41,45,OR,Malheur,8016,29.4,34565,62,19,43,50,30642,16656,13986,15309,13024,349,98,339,252,284,248,29,31,346,333,5371,4597,2,1,0,0,1,140,28,105,7,1,2013-OR-Malheur,13.1
131,41,47,2013,Marion County,OR,8.7,41,47,OR,Marion,58836,18.8,46919,339,91,248,50,321491,160168,161323,143413,145105,2834,1785,4213,3914,3236,3889,1394,1500,5078,5130,42511,38806,80,2,22,23,33,2495,522,1670,303,4,2013-OR-Marion,21.2
132,41,49,2013,Morrow County,OR,7.6,41,49,OR,Morrow,1903,16.8,51289,29,14,15,50,11197,5763,5434,5416,5112,65,47,107,94,20,42,13,19,142,120,2020,1750,8,0,2,1,5,141,21,108,12,0,2013-OR-Morrow,9.7
133,41,51,2013,Multnomah County,OR,6.7,41,51,OR,Multnomah,137021,18.2,53624,746,116,630,50,766977,379359,387618,306848,311311,22282,22135,5962,5294,25310,29542,2460,2320,16497,17016,44287,40243,61,0,4,9,48,700,75,585,40,0,2013-OR-Multnomah,39.9
134,41,53,2013,Polk County,OR,8,41,53,OR,Polk,13680,18.3,51224,52,18,34,50,76568,37118,39450,33699,35889,356,251,953,1014,678,847,142,128,1290,1321,5072,4739,54,1,2,2,49,300,85,194,21,2,2013-OR-Polk,29
135,41,55,2013,Sherman County,OR,9.2,41,55,OR,Sherman,294,17.1,52679,9,8,1,50,1728,873,855,832,817,2,3,21,20,1,3,1,0,16,12,63,53,2,0,0,0,2,29,8,16,5,0,2013-OR-Sherman,16.5
136,41,57,2013,Tillamook County,OR,8.3,41,57,OR,Tillamook,4116,16.6,41584,55,26,29,50,25332,12699,12633,11957,11952,86,38,204,172,90,140,32,36,330,295,1310,1186,13,2,1,2,8,237,70,147,20,3,2013-OR-Tillamook,20.7
137,41,59,2013,Umatilla County,OR,8.7,41,59,OR,Umatilla,12416,17.1,47053,74,49,25,50,76892,40135,36757,36522,33552,549,183,1640,1598,391,444,72,74,961,906,10424,8878,28,1,7,2,18,447,120,263,64,2,2013-OR-Umatilla,15.5
138,41,61,2013,Union County,OR,8.3,41,61,OR,Union,4806,19.4,41331,32,16,16,50,25531,12576,12955,11765,12176,101,48,163,154,111,156,162,129,274,292,553,548,6,0,3,0,3,156,33,106,17,2,2013-OR-Union,22.5
139,41,63,2013,Wallowa County,OR,11,41,63,OR,Wallowa,1011,15.1,42751,13,7,6,50,6769,3307,3462,3195,3320,14,15,28,26,9,19,4,5,57,77,82,78,,,,,,,,,,,2013-OR-Wallowa,24
140,41,65,2013,Wasco County,OR,7.5,41,65,OR,Wasco,4276,17.2,42461,29,16,13,50,25329,12585,12744,11444,11619,86,70,583,546,93,147,89,85,290,277,2174,1937,7,0,0,1,6,160,53,97,10,1,2013-OR-Wasco,20.1
141,41,67,2013,Washington County,OR,6.2,41,67,OR,Washington,59829,10.9,63632,539,237,302,50,555443,273596,281847,226290,232707,6267,5224,3147,3133,25545,28187,1471,1434,10876,11162,45539,43612,270,3,79,36,152,2433,518,1758,157,23,2013-OR-Washington,39.4
142,41,69,2013,Wheeler County,OR,6.2,41,69,OR,Wheeler,307,22.6,33065,4,3,1,50,1380,690,690,646,643,1,2,17,7,3,5,1,3,22,30,44,28,7,0,0,0,7,18,7,11,0,0,2013-OR-Wheeler,16.8
143,41,71,2013,Yamhill County,OR,7.4,41,71,OR,Yamhill,13623,14.3,57427,96,45,51,50,99926,50005,49921,45854,46232,703,333,1063,879,788,943,141,69,1456,1465,8351,6935,34,0,14,4,16,762,307,421,34,4,2013-OR-Yamhill,22.5
144,41,1,2014,Baker County,OR,8.2,41,1,OR,Baker,3232,20.6,38966,23,11,12,50,16030,8108,7922,7687,7519,65,32,109,106,46,68,6,6,195,191,314,315,12,0,0,0,12,41,10,30,1,0,2014-OR-Baker,20.4
145,41,3,2014,Benton County,OR,5,41,3,OR,Benton,15545,18.9,54089,75,63,12,50,87296,43963,43333,38459,38191,594,401,380,399,2886,2675,118,106,1526,1561,3092,2998,27,0,5,0,22,189,61,117,11,5,2014-OR-Benton,51.4
146,41,5,2014,Clackamas County,OR,6,41,5,OR,Clackamas,37450,9.5,65555,440,340,100,50,393544,193570,199974,175105,180379,2214,1764,2088,2092,7446,8908,584,488,6133,6343,16737,15717,,,,,,,,,,,2014-OR-Clackamas,32
147,41,7,2014,Clatsop County,OR,6.5,41,7,OR,Clatsop,5672,15.4,45132,50,23,27,50,37491,18525,18966,17302,17681,137,136,245,246,259,340,60,59,522,504,1542,1502,12,0,1,3,8,247,84,143,20,,2014-OR-Clatsop,23.6
148,41,9,2014,Columbia County,OR,8.3,41,9,OR,Columbia,5880,12,57517,44,40,4,50,49513,24732,24781,23140,23039,168,137,339,354,172,349,62,59,851,843,1181,1124,8,0,0,0,8,66,38,18,10,1,2014-OR-Columbia,17.1
149,41,11,2014,Coos County,OR,8.8,41,11,OR,Coos,12144,19.8,39956,86,21,65,50,62403,30782,31621,28047,28608,247,162,853,940,270,478,64,96,1301,1337,1974,1918,19,1,1,0,17,552,150,358,44,,2014-OR-Coos,18.8
150,41,13,2014,Crook County,OR,9.6,41,13,OR,Crook,3809,18.3,38155,28,17,11,50,20965,10334,10631,9877,10109,34,33,150,174,49,89,9,6,215,220,790,749,19,0,5,0,14,140,43,97,0,0,2014-OR-Crook,14.7
151,41,15,2014,Curry County,OR,9.9,41,15,OR,Curry,3780,17.1,40524,37,37,0,50,22167,10899,11268,10128,10445,60,34,269,259,68,136,13,12,361,382,757,703,,,,,,,,,,,2014-OR-Curry,22.2
152,41,17,2014,Deschutes County,OR,7.6,41,17,OR,Deschutes,22298,13.2,52387,225,157,68,50,169631,83555,86076,79256,81608,466,301,973,907,709,1057,137,119,2014,2084,6502,6513,80,0,18,3,59,810,196,568,46,15,2014-OR-Deschutes,31.3
153,41,19,2014,Douglas County,OR,9,41,19,OR,Douglas,21001,19.9,41504,141,104,37,50,106769,52639,54130,49192,50449,240,188,1080,1045,461,676,87,71,1579,1701,2791,2828,119,1,15,7,96,1149,265,730,154,8,2014-OR-Douglas,15.9
154,41,21,2014,Gilliam County,OR,7.8,41,21,OR,Gilliam,223,11.7,51978,7,6,1,50,1927,972,955,916,913,4,2,19,9,6,7,5,8,22,16,69,63,0,0,0,0,0,30,5,24,1,1,2014-OR-Gilliam,18.8
155,41,23,2014,Grant County,OR,10.3,41,23,OR,Grant,1190,16.8,41304,,,,50,7191,3571,3620,3382,3429,14,4,57,47,19,24,2,8,97,108,121,121,0,0,0,0,0,41,6,32,3,,2014-OR-Grant,19.5
156,41,25,2014,Harney County,OR,9.4,41,25,OR,Harney,1489,21.3,36340,18,12,6,50,7133,3601,3532,3304,3243,32,22,140,144,12,23,0,1,113,99,190,167,3,0,0,1,2,11,5,5,1,,2014-OR-Harney,16.9
157,41,27,2014,Hood River County,OR,5.3,41,27,OR,Hood River,3298,14.6,54063,28,17,11,50,22671,11373,11298,10718,10625,80,53,143,128,158,189,25,28,249,275,3700,3319,,,,,,,,,,,2014-OR-Hood River,32
158,41,29,2014,Jackson County,OR,8.3,41,29,OR,Jackson,37566,18.1,44835,166,108,58,50,209351,101980,107371,94497,99803,1025,612,1687,1571,1125,1668,324,342,3322,3375,12858,12008,175,3,15,14,143,1329,273,948,108,5,2014-OR-Jackson,25.1
159,41,31,2014,Jefferson County,OR,8.7,41,31,OR,Jefferson,4513,21.2,42753,38,15,23,50,22200,11508,10692,8696,7999,149,93,2227,2102,71,101,30,21,335,376,2326,2090,,,,,,,,,,,2014-OR-Jefferson,16
160,41,33,2014,Josephine County,OR,9.2,41,33,OR,Josephine,16921,20.6,37230,52,11,41,50,83435,40781,42654,38119,39928,239,185,667,618,310,478,83,89,1363,1356,2968,2797,,,,,,,,,,,2014-OR-Josephine,17.3
161,41,35,2014,Klamath County,OR,9.2,41,35,OR,Klamath,14092,21.9,39234,,,,50,65333,32601,32732,29121,29208,303,241,1580,1565,290,363,62,52,1245,1303,4097,3723,56,5,10,9,32,878,298,488,92,11,2014-OR-Klamath,19.6
162,41,37,2014,Lake County,OR,9.4,41,37,OR,Lake,1429,19.3,40328,21,21,0,50,7828,4158,3670,3843,3406,38,12,97,74,34,52,7,5,139,121,281,313,,,,,,,,,,,2014-OR-Lake,18.3
163,41,39,2014,Lane County,OR,6.8,41,39,OR,Lane,64722,18.4,44976,256,60,196,50,358273,176363,181910,158887,163976,2286,1576,2673,2574,4545,5727,483,399,7489,7658,14962,14415,,,,,,,,,,,2014-OR-Lane,28.2
164,41,41,2014,Lincoln County,OR,7.7,41,41,OR,Lincoln,8628,18.8,40226,87,27,60,50,46383,22446,23937,20246,21566,210,119,915,971,230,355,40,46,805,880,2087,1952,51,0,8,5,38,437,144,267,26,4,2014-OR-Lincoln,24.3
165,41,43,2014,Linn County,OR,8,41,43,OR,Linn,22559,19.1,44358,180,59,121,50,119095,58815,60280,54966,56308,443,337,942,960,518,763,107,99,1839,1813,5175,4738,23,1,8,6,8,1069,293,685,91,,2014-OR-Linn,17.5
166,41,45,2014,Malheur County,OR,7.8,41,45,OR,Malheur,7756,28.7,35094,58,50,8,50,30354,16471,13883,15113,12922,358,100,341,261,278,247,26,30,355,323,5321,4627,5,2,0,1,2,101,23,74,4,0,2014-OR-Malheur,13.7
167,41,47,2014,Marion County,OR,7.2,41,47,OR,Marion,56064,17.7,48554,342,89,253,50,324473,161568,162905,144494,146166,2780,1817,4308,4029,3328,4027,1444,1560,5214,5306,43317,39761,62,1,18,15,28,2229,409,1521,299,,2014-OR-Marion,21.7
168,41,49,2014,Morrow County,OR,6.8,41,49,OR,Morrow,1824,16.3,51839,31,17,14,50,11095,5714,5381,5371,5027,63,46,103,110,22,40,13,18,142,140,2044,1787,,,,,,,,,,,2014-OR-Morrow,10.2
169,41,51,2014,Multnomah County,OR,5.8,41,51,OR,Multnomah,141562,18.6,53519,737,104,633,50,779002,385614,393388,310859,314565,22865,22745,5985,5372,26299,30725,2613,2459,16993,17522,45160,41264,108,0,6,16,86,904,130,725,49,,2014-OR-Multnomah,40.3
170,41,53,2014,Polk County,OR,6.7,41,53,OR,Polk,10721,14.1,52626,43,13,30,50,77702,37752,39950,34184,36284,367,266,969,1026,695,891,149,125,1388,1358,5222,4868,35,1,3,0,31,224,70,130,24,0,2014-OR-Polk,28.9
171,41,55,2014,Sherman County,OR,7.3,41,55,OR,Sherman,241,14.2,53277,7,6,1,50,1715,861,854,812,808,8,3,23,22,1,4,1,0,16,17,56,49,1,0,0,0,1,17,4,13,0,,2014-OR-Sherman,18.5
172,41,57,2014,Tillamook County,OR,6.8,41,57,OR,Tillamook,4347,17.5,41662,79,48,31,50,25314,12757,12557,11979,11827,89,41,203,184,106,146,33,36,347,323,1325,1181,10,1,1,1,7,270,64,188,18,0,2014-OR-Tillamook,19.5
173,41,59,2014,Umatilla County,OR,7.6,41,59,OR,Umatilla,13041,18,44780,95,62,33,50,76711,40012,36699,36371,33469,575,210,1641,1583,393,465,84,81,948,891,10590,9042,,,,,,,,,,,2014-OR-Umatilla,15.8
174,41,61,2014,Union County,OR,7.1,41,61,OR,Union,4418,17.7,44841,30,16,14,50,25645,12637,13008,11788,12220,114,52,146,148,122,168,171,133,296,287,560,570,15,0,1,0,14,169,28,136,5,1,2014-OR-Union,22.7
175,41,63,2014,Wallowa County,OR,9.8,41,63,OR,Wallowa,1063,15.8,39743,12,12,0,50,6778,3319,3459,3195,3314,14,16,34,28,10,19,4,5,62,77,99,81,0,0,0,0,0,34,11,22,1,2,2014-OR-Wallowa,25.1
176,41,65,2014,Wasco County,OR,6.4,41,65,OR,Wasco,4192,16.8,44010,30,17,13,50,25276,12593,12683,11479,11601,94,70,548,512,96,142,92,83,284,275,2261,2010,,,,,,,,,,,2014-OR-Wasco,18.7
177,41,67,2014,Washington County,OR,5.5,41,67,OR,Washington,69403,12.5,66315,560,258,302,50,562552,277358,285194,227896,234010,6577,5436,3180,3158,26900,29515,1494,1471,11311,11604,46402,44488,322,2,78,51,191,2464,480,1800,184,,2014-OR-Washington,39.7
178,41,69,2014,Wheeler County,OR,6.1,41,69,OR,Wheeler,315,23.3,33387,3,3,0,50,1351,675,676,635,624,1,2,14,9,3,6,2,3,20,32,47,29,,,,,,,,,,,2014-OR-Wheeler,16.1
179,41,71,2014,Yamhill County,OR,6.3,41,71,OR,Yamhill,14772,15.4,52903,88,68,20,50,100850,50449,50401,46236,46578,710,367,1075,863,815,980,147,66,1466,1547,8466,7141,39,0,14,2,23,531,139,351,41,6,2014-OR-Yamhill,22.4
180,41,1,2015,Baker County,OR,6.6,41,1,OR,Baker,2393,15.3,40855,38,32,6,50,15899,8067,7832,7624,7410,66,34,115,106,48,71,7,7,207,204,316,318,7,0,0,0,7,52,18,32,2,0,2015-OR-Baker,20.6
181,41,3,2015,Benton County,OR,4.1,41,3,OR,Benton,15272,18.3,54773,81,64,17,50,88443,44402,44041,38721,38615,609,416,374,412,2987,2820,129,118,1582,1660,3160,3146,22,1,6,1,14,187,57,122,8,5,2015-OR-Benton,52.8
182,41,5,2015,Clackamas County,OR,5,41,5,OR,Clackamas,37507,9.4,69523,442,340,102,50,399852,196616,203236,177350,182810,2330,1830,2128,2157,7819,9318,606,511,6383,6610,17258,16421,,,,,,,,,,,2015-OR-Clackamas,33.1
183,41,7,2015,Clatsop County,OR,5.3,41,7,OR,Clatsop,5176,13.9,47340,51,24,27,50,37848,18739,19109,17477,17782,149,139,238,264,268,343,64,51,543,530,1597,1568,14,0,1,2,11,212,63,129,20,3,2015-OR-Clatsop,23.6
184,41,9,2015,Columbia County,OR,7,41,9,OR,Columbia,6595,13.4,52060,42,33,9,50,49671,24841,24830,23197,23082,162,131,351,350,173,348,55,56,903,863,1228,1146,,,,,,,,,,,2015-OR-Columbia,18.2
185,41,11,2015,Coos County,OR,7.3,41,11,OR,Coos,11562,18.7,38934,90,65,25,50,62696,30903,31793,28124,28799,238,169,850,925,285,481,63,102,1343,1317,2001,1988,21,0,2,6,13,541,151,347,43,5,2015-OR-Coos,18.3
186,41,13,2015,Crook County,OR,8.2,41,13,OR,Crook,3423,15.9,45046,32,25,7,50,21465,10628,10837,10181,10289,37,32,151,182,48,92,10,6,201,236,822,765,,,,,,,,,,,2015-OR-Crook,15.5
187,41,15,2015,Curry County,OR,8,41,15,OR,Curry,3828,17.2,38126,29,12,17,50,22329,10971,11358,10173,10496,55,40,283,274,73,137,13,13,374,398,818,733,,,,,,,,,,,2015-OR-Curry,23.5
188,41,17,2015,Deschutes County,OR,5.7,41,17,OR,Deschutes,23298,13.4,56911,227,157,70,50,174392,86019,88373,81474,83704,520,325,1002,935,765,1104,142,120,2116,2185,6616,6774,94,0,15,5,74,652,170,436,46,5,2015-OR-Deschutes,32.6
189,41,19,2015,Douglas County,OR,7.3,41,19,OR,Douglas,20707,19.5,41696,139,104,35,50,107260,52830,54430,49239,50598,272,207,1120,1065,449,702,98,76,1652,1782,2934,2978,,,,,,,,,,,2015-OR-Douglas,15.7
190,41,21,2015,Gilliam County,OR,6.3,41,21,OR,Gilliam,236,12.9,50694,7,6,1,50,1866,940,926,890,883,3,2,15,9,6,7,4,6,22,19,67,57,,,,,,,,,,,2015-OR-Gilliam,16.1
191,41,23,2015,Grant County,OR,8.5,41,23,OR,Grant,1163,16.4,43105,15,15,0,50,7209,3624,3585,3437,3397,11,4,64,53,18,23,2,7,92,101,136,130,0,0,0,0,0,27,2,25,0,0,2015-OR-Grant,19.1
192,41,25,2015,Harney County,OR,7,41,25,OR,Harney,1147,16.3,40468,18,12,6,50,7154,3603,3551,3309,3255,35,22,130,147,14,23,0,1,115,103,205,168,4,0,1,0,3,12,6,5,1,1,2015-OR-Harney,17
193,41,27,2015,Hood River County,OR,4.6,41,27,OR,Hood River,2624,11.5,53726,36,18,18,50,22925,11483,11442,10812,10756,83,55,149,123,166,197,29,29,244,282,3759,3348,17,0,1,2,14,137,44,84,9,1,2015-OR-Hood River,31.7
194,41,29,2015,Jackson County,OR,6.6,41,29,OR,Jackson,40427,19.3,44855,163,116,47,50,211587,103135,108452,95395,100614,1084,645,1741,1602,1153,1729,333,373,3429,3489,13328,12391,180,3,21,12,144,1449,423,888,138,9,2015-OR-Jackson,25.6
195,41,31,2015,Jefferson County,OR,7.1,41,31,OR,Jefferson,4748,21.9,42325,39,33,6,50,22540,11682,10858,8815,8171,151,99,2261,2106,74,101,36,22,345,359,2409,2163,14,0,3,2,9,173,47,108,18,2,2015-OR-Jefferson,16
196,41,33,2015,Josephine County,OR,7.5,41,33,OR,Josephine,18268,21.9,40569,56,14,42,50,84606,41359,43247,38600,40406,260,192,655,649,330,496,92,93,1422,1411,3100,2951,17,3,1,2,11,382,137,130,115,1,2015-OR-Josephine,16.7
197,41,35,2015,Klamath County,OR,7.6,41,35,OR,Klamath,12966,19.9,42384,87,30,57,50,65742,32852,32890,29277,29286,317,242,1624,1583,308,382,67,57,1259,1340,4220,3862,70,0,14,8,48,842,259,493,90,11,2015-OR-Klamath,19.7
198,41,37,2015,Lake County,OR,7.5,41,37,OR,Lake,1374,18.6,39878,20,20,0,50,7789,4159,3630,3831,3356,41,15,106,68,34,54,7,5,140,132,299,306,,,,,,,,,,,2015-OR-Lake,17.7
199,41,39,2015,Lane County,OR,5.7,41,39,OR,Lane,67777,19,47254,260,65,195,50,362257,178486,183771,160331,165255,2411,1692,2765,2627,4731,5920,498,428,7750,7849,15531,14835,,,,,,,,,,,2015-OR-Lane,28.4
200,41,41,2015,Lincoln County,OR,6.5,41,41,OR,Lincoln,7903,17,41118,87,26,61,50,47046,22671,24375,20416,21921,224,144,935,983,229,384,42,47,825,896,2130,2050,,,,,,,,,,,2015-OR-Lincoln,23.7
201,41,43,2015,Linn County,OR,6.6,41,43,OR,Linn,18899,15.8,47757,187,137,50,50,120303,59487,60816,55510,56725,487,363,960,1002,536,792,110,102,1884,1832,5408,4968,29,1,15,1,12,1005,274,643,88,8,2015-OR-Linn,17.3
202,41,45,2015,Malheur County,OR,6.2,41,45,OR,Malheur,6743,24.9,37604,58,50,8,50,30228,16398,13830,15035,12893,349,94,353,257,262,234,28,32,371,320,5326,4632,5,1,0,1,3,134,58,65,11,0,2015-OR-Malheur,13.8
203,41,47,2015,Marion County,OR,5.9,41,47,OR,Marion,53817,16.8,51623,349,92,257,50,329106,163977,165129,146339,147912,2781,1846,4427,4147,3417,4114,1534,1626,5479,5484,44438,40812,70,2,19,17,32,1906,342,1282,282,7,2015-OR-Marion,22
204,41,49,2015,Morrow County,OR,5.6,41,49,OR,Morrow,1678,15,53774,31,17,14,50,11130,5740,5390,5368,5034,72,42,129,123,22,38,14,18,135,135,2083,1821,,,,,,,,,,,2015-OR-Morrow,10.5
205,41,51,2015,Multnomah County,OR,4.8,41,51,OR,Multnomah,121528,15.7,58764,769,99,670,50,790723,391721,399002,314942,318222,23320,23058,6086,5415,27180,31722,2644,2545,17549,18040,46300,42261,,,,,,,,,,,2015-OR-Multnomah,41.3
206,41,53,2015,Polk County,OR,5.5,41,53,OR,Polk,10641,13.7,55342,51,20,31,50,79012,38440,40572,34678,36793,403,296,1006,1031,702,874,172,143,1479,1435,5440,4999,45,0,1,2,42,248,107,114,27,4,2015-OR-Polk,29.4
207,41,55,2015,Sherman County,OR,6,41,55,OR,Sherman,272,16.3,51448,7,6,1,50,1691,856,835,810,792,4,3,23,22,1,4,1,0,17,14,62,48,,,,,,,,,,,2015-OR-Sherman,17.3
208,41,57,2015,Tillamook County,OR,5.5,41,57,OR,Tillamook,3894,15.5,44972,79,48,31,50,25554,12880,12674,12062,11938,97,42,218,185,109,145,35,41,359,323,1372,1232,14,1,4,0,9,251,77,147,27,1,2015-OR-Tillamook,21
209,41,59,2015,Umatilla County,OR,6.2,41,59,OR,Umatilla,13860,19.2,49016,73,46,27,50,76491,39913,36578,36175,33300,603,233,1625,1597,407,463,89,82,1014,903,10630,9158,37,0,6,2,29,338,100,210,28,4,2015-OR-Umatilla,16.3
210,41,61,2015,Union County,OR,6,41,61,OR,Union,4139,16.5,46378,31,20,11,50,25720,12744,12976,11828,12136,118,53,155,152,136,178,184,142,323,315,600,586,10,0,6,1,3,241,68,156,17,2,2015-OR-Union,23.2
211,41,63,2015,Wallowa County,OR,7.6,41,63,OR,Wallowa,1083,16.1,44045,12,12,0,50,6810,3349,3461,3218,3313,13,13,33,27,12,23,4,5,69,80,102,82,8,0,0,0,8,40,19,17,4,1,2015-OR-Wallowa,24.3
212,41,65,2015,Wasco County,OR,5.5,41,65,OR,Wasco,4024,16,45110,30,17,13,50,25469,12723,12746,11587,11629,95,82,546,499,102,147,90,95,303,294,2317,2058,18,1,2,0,15,115,39,59,17,0,2015-OR-Wasco,18.7
213,41,67,2015,Washington County,OR,4.6,41,67,OR,Washington,59471,10.5,70417,575,265,310,50,572955,282673,290282,230913,236789,6853,5753,3245,3163,28214,30882,1577,1490,11871,12205,47468,45466,,,,,,,,,,,2015-OR-Washington,40.7
214,41,69,2015,Wheeler County,OR,5.1,41,69,OR,Wheeler,285,21.4,34157,4,4,0,50,1327,667,660,625,607,1,2,15,9,3,6,0,3,23,33,47,24,5,0,0,0,5,9,2,6,1,0,2015-OR-Wheeler,15.4
215,41,71,2015,Yamhill County,OR,5.2,41,71,OR,Yamhill,12896,13.3,52806,90,69,21,50,101447,50685,50762,46409,46886,714,371,1070,871,843,1016,154,73,1495,1545,8485,7298,45,0,13,8,24,572,153,376,43,4,2015-OR-Yamhill,23.2
216,41,1,2016,Baker County,OR,6.2,41,1,OR,Baker,2762,17.6,42177,32,30,2,50,15971,8127,7844,7660,7423,68,35,118,104,50,64,7,9,224,209,342,339,2,0,0,0,2,67,15,49,3,0,2016-OR-Baker,23
217,41,3,2016,Benton County,OR,3.9,41,3,OR,Benton,15546,18.4,56167,78,65,13,50,90053,45274,44779,39128,39040,653,426,384,414,3317,3063,117,113,1675,1723,3277,3233,27,0,4,0,23,183,49,120,14,4,2016-OR-Benton,53.7
218,41,5,2016,Clackamas County,OR,4.3,41,5,OR,Clackamas,35366,8.7,74460,468,362,106,50,407055,200316,206739,179782,185182,2524,1931,2181,2144,8331,9867,647,563,6851,7052,17712,16751,365,8,100,80,177,5083,683,3815,585,20,2016-OR-Clackamas,34.1
219,41,7,2016,Clatsop County,OR,4.6,41,7,OR,Clatsop,4919,12.9,49898,52,25,27,50,38732,19132,19600,17834,18203,153,137,243,267,279,356,57,52,566,585,1653,1652,12,2,0,2,8,214,64,125,25,1,2016-OR-Clatsop,24.1
220,41,9,2016,Columbia County,OR,6,41,9,OR,Columbia,5537,11,63055,45,14,31,50,50939,25466,25473,23768,23656,161,132,367,383,182,374,59,57,929,871,1315,1221,18,0,4,0,14,102,53,35,14,2,2016-OR-Columbia,19.2
221,41,11,2016,Coos County,OR,6.3,41,11,OR,Coos,10946,17.5,41403,87,57,30,50,63386,31208,32178,28410,29123,231,174,879,940,293,489,63,98,1332,1354,2013,2042,21,2,1,4,14,652,168,401,83,1,2016-OR-Coos,18.4
222,41,13,2016,Crook County,OR,6.8,41,13,OR,Crook,3192,14.2,45350,35,16,19,50,22310,11075,11235,10577,10660,52,41,159,194,49,93,13,7,225,240,878,801,51,1,7,0,43,180,50,106,24,4,2016-OR-Crook,16.1
223,41,15,2016,Curry County,OR,6.6,41,15,OR,Curry,3171,14.1,40682,36,22,14,50,22629,11132,11497,10302,10620,60,40,279,269,81,126,13,13,397,429,833,733,,,,,,,,,,,2016-OR-Curry,23.6
224,41,17,2016,Deschutes County,OR,4.8,41,17,OR,Deschutes,19113,10.6,61248,229,79,150,50,180819,89284,91535,84444,86551,547,355,1030,938,862,1254,146,119,2255,2318,7028,7122,76,1,16,1,58,842,157,627,58,3,2016-OR-Deschutes,33.3
225,41,19,2016,Douglas County,OR,6.2,41,19,OR,Douglas,16692,15.6,43202,145,109,36,50,108244,53314,54930,49591,50964,277,224,1161,1097,471,752,99,84,1715,1809,3029,3073,,,,,,,,,,,2016-OR-Douglas,16.3
226,41,21,2016,Gilliam County,OR,5.9,41,21,OR,Gilliam,223,12.2,45728,7,6,1,50,1852,942,910,884,868,5,2,15,9,9,7,4,6,25,18,57,54,,,,,,,,,,,2016-OR-Gilliam,17.1
227,41,23,2016,Grant County,OR,7.5,41,23,OR,Grant,1132,16,44309,8,8,0,50,7167,3610,3557,3419,3357,12,4,64,55,20,27,2,7,93,107,136,138,,,,,,,,,,,2016-OR-Grant,21.7
228,41,25,2016,Harney County,OR,6.1,41,25,OR,Harney,1171,16.4,41846,18,12,6,50,7252,3661,3591,3356,3292,35,21,136,148,16,23,0,1,118,106,210,171,5,0,0,0,5,65,15,13,37,1,2016-OR-Harney,17.3
229,41,27,2016,Hood River County,OR,4.1,41,27,OR,Hood River,2459,10.7,53941,46,25,21,50,23090,11501,11589,10813,10878,99,60,151,122,172,208,27,29,239,292,3771,3433,17,0,5,1,11,149,28,108,13,1,2016-OR-Hood River,30.1
230,41,29,2016,Jackson County,OR,5.6,41,29,OR,Jackson,31189,14.6,48538,168,121,47,50,214600,104766,109834,96626,101559,1167,696,1743,1665,1268,1819,353,407,3609,3688,13967,12968,,,,,,,,,,,2016-OR-Jackson,26.1
231,41,31,2016,Jefferson County,OR,6.5,41,31,OR,Jefferson,3838,17.3,44943,38,33,5,50,23022,11938,11084,9029,8295,148,105,2294,2174,73,102,32,25,362,383,2444,2210,28,2,2,1,23,159,28,103,28,2,2016-OR-Jefferson,16.1
232,41,33,2016,Josephine County,OR,6.4,41,33,OR,Josephine,15239,18,38921,57,42,15,50,85599,41848,43751,39019,40854,264,209,695,645,339,518,105,97,1426,1428,3179,3072,35,0,1,5,29,372,127,118,127,5,2016-OR-Josephine,17.3
233,41,35,2016,Klamath County,OR,6.6,41,35,OR,Klamath,12408,19,44678,72,25,47,50,66287,33087,33200,29392,29446,308,245,1642,1630,355,414,70,57,1320,1408,4411,3990,,,,,,,,,,,2016-OR-Klamath,18.9
234,41,37,2016,Lake County,OR,6.2,41,37,OR,Lake,1122,15.2,40095,20,20,0,50,7837,4188,3649,3834,3355,39,13,110,76,34,59,7,5,164,141,308,314,,,,,,,,,,,2016-OR-Lake,17.3
235,41,39,2016,Lane County,OR,5,41,39,OR,Lane,66339,18.3,47933,253,176,77,50,369201,181920,187281,162792,167824,2538,1764,2911,2759,5069,6323,507,463,8103,8148,16392,15520,307,0,29,12,266,1424,489,778,157,10,2016-OR-Lane,28.7
236,41,41,2016,Lincoln County,OR,5.5,41,41,OR,Lincoln,9289,19.6,41791,84,28,56,50,47855,23146,24709,20821,22159,214,145,968,1010,240,399,47,49,856,947,2229,2108,,,,,,,,,,,2016-OR-Lincoln,23
237,41,43,2016,Linn County,OR,5.6,41,43,OR,Linn,15975,13.1,50876,187,137,50,50,122871,60736,62135,56545,57804,521,378,973,1017,577,849,135,110,1985,1977,5740,5233,36,0,12,7,17,958,234,628,96,9,2016-OR-Linn,18.1
238,41,45,2016,Malheur County,OR,5.4,41,45,OR,Malheur,6222,22.9,38130,,,,50,30397,16496,13901,15118,12917,382,121,351,255,257,231,28,31,360,346,5364,4679,,,,,,,,,,,2016-OR-Malheur,13.3
239,41,47,2016,Marion County,OR,5,41,47,OR,Marion,44581,13.6,55954,349,92,257,50,335592,167232,168360,148651,150226,2942,1984,4493,4254,3668,4419,1698,1737,5780,5740,45681,42200,65,5,19,19,22,2176,415,1498,263,5,2016-OR-Marion,22.4
240,41,49,2016,Morrow County,OR,4.8,41,49,OR,Morrow,1668,14.8,53588,,,,50,11246,5821,5425,5421,5046,82,49,137,127,28,55,15,17,138,131,2126,1885,33,0,5,2,26,209,43,141,25,4,2016-OR-Morrow,10
241,41,51,2016,Multnomah County,OR,4.2,41,51,OR,Multnomah,111262,14.2,62292,774,115,659,50,803630,398158,405472,318953,321913,23800,23534,6087,5476,28461,33372,2681,2622,18176,18555,47691,43653,119,1,16,23,79,1352,130,1073,149,7,2016-OR-Multnomah,42.7
242,41,53,2016,Polk County,OR,5,41,53,OR,Polk,9681,12.1,55218,65,26,39,50,81496,39716,41780,35701,37796,461,348,1076,1062,766,901,199,176,1513,1497,5795,5402,43,1,7,0,35,278,99,147,32,2,2016-OR-Polk,29.8
243,41,55,2016,Sherman County,OR,4.5,41,55,OR,Sherman,208,12.2,57216,7,6,1,50,1712,862,850,815,802,4,3,26,25,1,5,1,0,15,15,70,52,,,,,,,,,,,2016-OR-Sherman,17
244,41,57,2016,Tillamook County,OR,4.8,41,57,OR,Tillamook,3300,12.9,46226,58,30,28,50,26116,13199,12917,12357,12124,96,50,224,195,110,154,37,41,375,353,1416,1265,10,0,1,0,9,181,63,92,26,3,2016-OR-Tillamook,20.9
245,41,59,2016,Umatilla County,OR,5.2,41,59,OR,Umatilla,11369,15.7,49667,83,24,59,50,76700,40110,36590,36247,33262,616,244,1691,1628,428,453,91,87,1037,916,10867,9304,51,5,9,1,36,433,147,235,51,7,2016-OR-Umatilla,15.6
246,41,61,2016,Union County,OR,5.8,41,61,OR,Union,4058,16,47309,34,20,14,50,26082,12908,13174,11973,12274,120,71,164,166,145,187,182,146,324,330,621,610,11,1,1,0,9,237,39,187,11,1,2016-OR-Union,23.3
247,41,63,2016,Wallowa County,OR,6.6,41,63,OR,Wallowa,1000,14.6,46350,12,6,6,50,6912,3378,3534,3244,3382,13,12,32,26,12,24,4,5,73,85,108,92,,,,,,,,,,,2016-OR-Wallowa,25.2
248,41,65,2016,Wasco County,OR,4.7,41,65,OR,Wasco,3624,14.2,50562,29,17,12,50,25791,12884,12907,11715,11770,93,74,550,504,106,166,102,103,318,290,2411,2133,27,0,4,1,22,96,36,56,4,2,2016-OR-Wasco,18.6
249,41,67,2016,Washington County,OR,4,41,67,OR,Washington,51702,9,75577,,,,50,585358,289050,296308,234043,239626,7178,6060,3298,3242,30651,33179,1618,1522,12262,12679,48665,46661,287,4,78,26,179,1921,325,1418,178,39,2016-OR-Washington,41.2
250,41,69,2016,Wheeler County,OR,4.1,41,69,OR,Wheeler,258,19.6,35341,4,4,0,50,1325,670,655,626,604,1,2,18,9,3,6,0,3,22,31,45,28,2,0,0,0,2,5,3,1,1,0,2016-OR-Wheeler,17
251,41,71,2016,Yamhill County,OR,4.5,41,71,OR,Yamhill,11607,11.7,60643,85,68,17,50,104143,51938,52205,47429,48138,764,398,1080,908,907,1099,159,73,1599,1589,8707,7581,35,0,10,3,22,487,117,326,44,2,2016-OR-Yamhill,24.5